CreatedDate,ProfileNo,OrganizationIdentificationID,Department Name,OrganizationActivityText,ReportingOfficerIdentificationID,InterventionIdentificationID,IdentificationCategoryDescriptionText,InterventionDate,Month,SubjectRaceCode,SubjectEthnicityCode,SubjectSexCode,SubjectAge,ResidentIndicator,TownRecidentIndicator,InterventionLocationName,InterventionLocationDescriptionText,InterventionLocationLatitude,InterventionLocationLongitude,InterventionReasonCode,InterventionTechniqueCode,InterventionDurationCode,TowedIndicator,StatuteCodeIdentificationID,StatutatoryCitationPostStop,VehicleSearchedIndicator,SearchAuthorizationCode,ContrabandIndicator,CustodialArrestIndicator,InterventionDispositionCode,InterventionDispositionDate,InterventionDispositionReasonText,IsStatuteCodeValid,IsStatutatoryCitationValid,IsaTest,RecordCount,SourceId,SourceReferenceId,InterventionDateTime,InterventionTime,filenumber,StatutatoryCitation,Road Type,ReasonForStop,Year
2/9/23 9:12,6353862.0,CT005049E,Yale,Racial Profile,30522,111624,System ID,"Friday, January 13, 2023",January,A,N,M,56,True,False,NEW HAVEN,601 GRAND AVE/WALLACE ST NEW HAVEN CT 06511,  ,  ,I,G,1.0,0,FAILURE TO HAVE LIGH,,False,N,False,False,V,,,,,False,1.0,CT005049E,CT005049E0209230912S,1/13/23 19:10,7:10:00 PM,2023,14-96A(A),,Defective Lights,2023
2/14/23 23:14,6355361.0,CT005049E,Yale,Racial Profile,30522,112418,System ID,"Monday, February 6, 2023",February,W,N,F,45,True,False,NEW HAVEN,88 YORK ST NEW HAVEN CT 06510,  ,  ,V,G,1.0,0,DRIVING WRONG WAY ON,,False,N,False,False,V,,,,,False,1.0,CT005049E,CT005049E0214232314S,2/6/23 17:58,5:58:00 PM,2023,14-303,,Other,2023
2/14/23 23:14,6355362.0,CT005049E,Yale,Racial Profile,30522,112432,System ID,"Monday, February 6, 2023",February,W,N,F,21,True,False,NEW HAVEN,401 COLLEGE ST/ELM ST NEW HAVEN CT 06511,  ,  ,V,G,1.0,0,FAILURE TO OBEY TRAF,,False,N,False,False,V,,,,,False,1.0,CT005049E,CT005049E0214232314S,2/6/23 19:53,7:53:00 PM,2023,14-299,,Traffic Control Signal,2023
2/14/23 23:14,6355363.0,CT005049E,Yale,Racial Profile,30522,112471,System ID,"Tuesday, February 7, 2023",February,W,H,M,22,True,False,NEW HAVEN,139 ELM ST/TEMPLE ST NEW HAVEN CT 06510,  ,  ,V,G,1.0,0,FAILURE TO OBEY TRAF,,False,N,False,False,V,,,,,False,1.0,CT005049E,CT005049E0214232314S,2/7/23 19:40,7:40:00 PM,2023,14-299,,Traffic Control Signal,2023
2/22/23 15:25,6388756.0,CT005049E,Yale,Racial Profile,30522,112896,System ID,"Saturday, February 18, 2023",February,B,N,M,18,True,False,NEW HAVEN,401 COLLEGE ST/ELM ST NEW HAVEN CT 06511,  ,  ,V,G,1.0,0,DRIVING WRONG WAY ON,,False,N,False,False,V,,,,,False,1.0,CT005049E,CT005049E0222231525S,2/18/23 21:35,9:35:00 PM,2023,14-303,,Other,2023
2/22/23 15:46,6388757.0,CT005049E,Yale,Racial Profile,30522,112926,System ID,"Sunday, February 19, 2023",February,B,N,M,28,True,True,NEW HAVEN,198 CHURCH ST/ELM ST NEW HAVEN CT 06510,  ,  ,V,G,1.0,0,UNSAFE MOVEMENT,,False,N,False,False,V,,,,,False,1.0,CT005049E,CT005049E0222231546S,2/19/23 12:59,12:59:00 PM,2023,14-243(A),,Other,2023
5/11/23 11:33,6499734.0,CT005049E,Yale,Racial Profile,30522,115337,System ID,"Thursday, April 20, 2023",April,B,N,F,42,True,True,NEW HAVEN,55 ELM ST/ORANGE ST NEW HAVEN CT 06510,  ,  ,V,G,1.0,0,FAILURE TO OBEY TRAF,,False,N,False,False,V,,,,,False,1.0,CT005049E,CT005049E0511231133S,4/20/23 20:53,8:53:00 PM,2023,14-299,,Traffic Control Signal,2023
6/7/23 9:27,6526278.0,CT005049E,Yale,Racial Profile,30522,116595,System ID,"Tuesday, May 30, 2023",May,W,N,M,19,True,False,NEW HAVEN,300 S FRONTAGE RD/YORK ST NEW HAVEN CT 06510,  ,  ,V,G,1.0,0,FAILURE TO OBEY TRAF,,False,N,False,False,V,,,,,False,1.0,CT005049E,CT005049E0607230927S,5/30/23 16:33,4:33:00 PM,2023,14-299,,Traffic Control Signal,2023
8/8/23 9:37,6566828.0,CT005049E,Yale,Racial Profile,30522,118043,System ID,"Wednesday, July 19, 2023",July,B,N,M,23,True,True,NEW HAVEN,88 TRUMBULL ST/HILLHOUSE AVE NEW HAVEN CT 06511,  ,  ,V,G,1.0,0,FAILURE TO OBEY TRAF,,False,N,False,False,V,,,,,False,1.0,CT005049E,CT005049E0808230937S,7/19/23 17:26,5:26:00 PM,2023,14-299,,Traffic Control Signal,2023
8/8/23 9:37,6566832.0,CT005049E,Yale,Racial Profile,30522,118312,System ID,"Thursday, July 27, 2023",July,B,N,M,28,True,True,NEW HAVEN,89 HOWE ST/EDGEWOOD AVE NEW HAVEN CT 06511,  ,  ,V,G,1.0,0,FAILURE TO OBEY TRAF,,False,N,False,False,V,,,,,False,1.0,CT005049E,CT005049E0808230937S,7/27/23 20:56,8:56:00 PM,2023,14-299,,Traffic Control Signal,2023
1/7/24 23:28,6713819.0,CT005049E,Yale,Racial Profile,30522,119949,System ID,"Thursday, September 21, 2023",September,W,H,M,18,True,False,NEW HAVEN,344 COLLEGE ST NEW HAVEN CT 06511,  ,  ,V,G,1.0,0,FAILURE TO OBEY TRAF,,False,N,False,False,V,,,,,False,1.0,CT005049E,CT005049E0107242327S,9/21/23 0:56,12:56:00 AM,2023,14-299,,Traffic Control Signal,2023
1/7/24 23:28,6713835.0,CT005049E,Yale,Racial Profile,30522,119997,System ID,"Thursday, September 21, 2023",September,W,N,F,57,True,False,NEW HAVEN,185 ELM ST/COLLEGE ST NEW HAVEN CT 06511,  ,  ,V,G,1.0,0,FAILURE TO OBEY TRAF,,False,N,False,False,V,,,,,False,1.0,CT005049E,CT005049E0107242327S,9/21/23 18:41,6:41:00 PM,2023,14-299,,Traffic Control Signal,2023
1/7/24 23:28,6713847.0,CT005049E,Yale,Racial Profile,30522,120268,System ID,"Tuesday, September 26, 2023",September,B,N,M,18,True,True,NEW HAVEN,95 WHALLEY AVE/SPERRY ST NEW HAVEN CT 06511,  ,  ,V,G,1.0,0,FAILURE TO OBEY TRAF,,False,N,False,False,V,,,,,False,1.0,CT005049E,CT005049E0107242327S,9/26/23 21:30,9:30:00 PM,2023,14-299,,Traffic Control Signal,2023
1/7/24 23:28,6713914.0,CT005049E,Yale,Racial Profile,30522,121126,System ID,"Thursday, November 2, 2023",November,B,N,M,29,False,False,NEW HAVEN,248 ELM ST/YORK ST NEW HAVEN CT 06511,  ,  ,V,G,1.0,0,FAILURE TO OBEY TRAF,,False,N,False,False,V,,,,,False,1.0,CT005049E,CT005049E0107242327S,11/2/23 19:41,7:41:00 PM,2023,14-299,,Traffic Control Signal,2023
1/7/24 23:28,6713870.0,CT005049E,Yale,Racial Profile,30522,121439,System ID,"Tuesday, November 14, 2023",November,W,N,M,56,True,False,NEW HAVEN,1227 CHAPEL ST/HOWE ST NEW HAVEN CT 06511,  ,  ,V,G,1.0,0,FAILURE TO OBEY TRAF,,False,N,False,False,V,,,,,False,1.0,CT005049E,CT005049E0107242327S,11/14/23 16:16,4:16:00 PM,2023,14-299,,Traffic Control Signal,2023
1/7/24 23:28,6713856.0,CT005049E,Yale,Racial Profile,30522,121663,System ID,"Tuesday, November 28, 2023",November,B,N,M,26,True,False,NEW HAVEN,250 DWIGHT ST/ELM ST NEW HAVEN CT 06511,  ,  ,V,G,1.0,0,FAILURE  TO DRIVE RE,,False,N,False,False,V,,,,,False,1.0,CT005049E,CT005049E0107242327S,11/28/23 16:17,4:17:00 PM,2023,14-240(B),,Other,2023
1/7/24 23:28,6713867.0,CT005049E,Yale,Racial Profile,30522,121869,System ID,"Monday, December 11, 2023",December,B,N,M,24,True,False,NEW HAVEN,139 ELM ST/TEMPLE ST NEW HAVEN CT 06510,  ,  ,I,G,2.0,1,THREATENING 1ST DEGR,,True,O,True,True,U,,,,,False,1.0,CT005049E,CT005049E0107242327S,12/11/23 17:06,5:06:00 PM,2023,53A-61AA,,Other,2023
4/5/23 14:50,6413466.0,CT005049E,Yale,Racial Profile,30536,113337,System ID,"Thursday, March 2, 2023",March,B,N,M,65,True,True,NEW HAVEN,144 ELM ST NEW HAVEN CT 06511,  ,  ,I,G,1.0,1,14-147C 14-12A 14-21,,False,N,True,False,M,,,,,False,1.0,CT005049E,CT005049E0405231450S,3/2/23 0:00,12:00:00 AM,2023,,,Administrative Offense,2023
6/7/23 9:27,6526271.0,CT005049E,Yale,Racial Profile,32524,115910,System ID,"Sunday, May 7, 2023",May,W,N,F,25,False,False,NEW HAVEN,300 N FRONTAGE RD/YORK ST NEW HAVEN CT 06510,  ,  ,V,G,1.0,0,WRONG WAY ON ONE WAY,,False,N,False,False,V,,,,,False,1.0,CT005049E,CT005049E0607230927S,5/7/23 18:15,6:15:00 PM,2023,14-303,,Other,2023
6/7/23 9:27,6526259.0,CT005049E,Yale,Racial Profile,32524,116161,System ID,"Thursday, May 11, 2023",May,W,N,M,23,True,False,NEW HAVEN,120 TEMPLE ST/CROWN ST NEW HAVEN CT 06510,  ,  ,V,G,1.0,0,FAILURE TO OBEY TRAF,,False,N,False,False,V,,,,,False,1.0,CT005049E,CT005049E0607230927S,5/11/23 20:20,8:20:00 PM,2023,14-299,,Traffic Control Signal,2023
6/7/23 9:27,6526273.0,CT005049E,Yale,Racial Profile,32524,116184,System ID,"Saturday, May 13, 2023",May,B,N,F,21,True,True,NEW HAVEN,200 TEMPLE ST/CHAPEL ST NEW HAVEN CT 06510,  ,  ,V,G,2.0,0,FAILURE TO OBEY TRAF,,False,N,False,False,I,,,,,False,1.0,CT005049E,CT005049E0607230927S,5/13/23 19:14,7:14:00 PM,2023,14-299,,Traffic Control Signal,2023
8/8/23 9:37,6566826.0,CT005049E,Yale,Racial Profile,32524,117695,System ID,"Monday, July 10, 2023",July,W,N,M,24,True,False,NEW HAVEN,304 ELM ST NEW HAVEN CT 06511,  ,  ,V,G,2.0,0,WRONG WAY ON ONE WAY,,False,N,False,False,V,,,,,False,1.0,CT005049E,CT005049E0808230937S,7/10/23 0:45,12:45:00 AM,2023,14-303,,Other,2023
1/7/24 23:28,6713802.0,CT005049E,Yale,Racial Profile,32524,119032,System ID,"Friday, August 18, 2023",August,W,N,F,59,False,False,NEW HAVEN,121 HOWE ST/ELM ST NEW HAVEN CT 06511,  ,  ,V,G,1.0,0,WRONG WAY DOWN ONE W,,False,N,False,False,V,,,,,False,1.0,CT005049E,CT005049E0107242327S,8/18/23 19:35,7:35:00 PM,2023,14-303,,Other,2023
1/7/24 23:28,6713813.0,CT005049E,Yale,Racial Profile,32524,119825,System ID,"Monday, July 10, 2023",July,B,N,M,24,True,True,NEW HAVEN,30 HOWE ST/GEORGE ST NEW HAVEN CT 06511,  ,  ,V,G,2.0,0,FAILURE TO OBEY TRAF,,False,N,False,False,I,,,,,False,1.0,CT005049E,CT005049E0107242327S,7/10/23 21:39,9:39:00 PM,2023,14-299,,Traffic Control Signal,2023
1/7/24 23:28,6713844.0,CT005049E,Yale,Racial Profile,32524,120511,System ID,"Friday, October 6, 2023",October,W,N,F,51,True,True,NEW HAVEN,284 ELM ST/BROADWAY AVE NEW HAVEN CT 06511,  ,  ,V,G,1.0,0,FAILURE TO OBEY TRAF,,False,N,False,False,V,,,,,False,1.0,CT005049E,CT005049E0107242327S,10/6/23 15:31,3:31:00 PM,2023,14-299,,Traffic Control Signal,2023
4/5/23 14:50,6413459.0,CT005049E,Yale,Racial Profile,32540,113666,System ID,"Friday, March 10, 2023",March,W,H,M,56,True,True,NEW HAVEN,8 WEBSTER ST NEW HAVEN CT 06511,  ,  ,V,G,3.0,1,OPERATING MOTOR VEHI,,True,I,True,False,M,,,,,False,1.0,CT005049E,CT005049E0405231450S,3/10/23 16:43,4:43:00 PM,2023,14-213B,,Other,2023
5/11/23 11:33,6499730.0,CT005049E,Yale,Racial Profile,32540,115092,System ID,"Friday, April 14, 2023",April,W,N,M,38,True,True,NEW HAVEN,221 WHITNEY AVE NEW HAVEN CT 06511,  ,  ,E,G,2.0,1,OPERATING MOTORVEHIC,,False,N,True,False,M,,,,,False,1.0,CT005049E,CT005049E0511231133S,4/14/23 16:25,4:25:00 PM,2023,14-213B,,Other,2023
1/7/24 23:28,6713818.0,CT005049E,Yale,Racial Profile,32660,119928,System ID,"Wednesday, September 20, 2023",September,B,N,F,70,True,True,NEW HAVEN,1 WINCHESTER AVE NEW HAVEN CT 06511,  ,  ,V,G,1.0,0,FAILURE TO OBEY TRAF,,False,N,False,False,V,,,,,False,1.0,CT005049E,CT005049E0107242327S,9/20/23 16:09,4:09:00 PM,2023,14-299,,Traffic Control Signal,2023
2/9/23 9:12,6353863.0,CT005049E,Yale,Racial Profile,32661,111627,System ID,"Friday, January 13, 2023",January,B,N,M,35,True,False,NEW HAVEN,1044 CHAPEL ST NEW HAVEN CT 06511,  ,  ,I,G,1.0,0,NONE,,False,N,False,False,N,,,,,False,1.0,CT005049E,CT005049E0209230912S,1/13/23 23:59,11:59:00 PM,2023,,,Other,2023
2/14/23 23:14,6355360.0,CT005049E,Yale,Racial Profile,32661,112377,System ID,"Sunday, February 5, 2023",February,A,N,M,22,True,False,NEW HAVEN,88 BROADWAY NEW HAVEN CT 06511,  ,  ,V,G,1.0,0,14-299,,False,N,False,False,V,,,,,False,1.0,CT005049E,CT005049E0214232314S,2/5/23 23:15,11:15:00 PM,2023,,,Traffic Control Signal,2023
2/22/23 15:25,6388755.0,CT005049E,Yale,Racial Profile,32661,112889,System ID,"Saturday, February 18, 2023",February,W,N,F,21,True,True,WEST HAVEN,234 DERBY AVE WEST HAVEN CT 06515,  ,  ,V,G,1.0,0,14-299,,False,N,False,False,V,,,,,False,1.0,CT005049E,CT005049E0222231525S,2/18/23 1:54,1:54:00 AM,2023,,,Traffic Control Signal,2023
4/5/23 14:50,6413465.0,CT005049E,Yale,Racial Profile,32661,113335,System ID,"Wednesday, March 1, 2023",March,I,N,M,35,True,False,NEW HAVEN,1 BROADWAY/ELM ST NEW HAVEN CT 06511,  ,  ,I,G,1.0,0,NONE,,False,N,False,False,N,,,,,False,1.0,CT005049E,CT005049E0405231450S,3/1/23 0:47,12:47:00 AM,2023,,,Other,2023
4/5/23 14:50,6413457.0,CT005049E,Yale,Racial Profile,32661,113500,System ID,"Tuesday, March 7, 2023",March,B,N,M,28,True,True,NEW HAVEN,139 ELM ST/TEMPLE ST NEW HAVEN CT 06510,  ,  ,I,G,1.0,0,NONE,,False,N,False,False,N,,,,,False,1.0,CT005049E,CT005049E0405231450S,3/7/23 1:15,1:15:00 AM,2023,,,Other,2023
4/5/23 14:50,6413458.0,CT005049E,Yale,Racial Profile,32661,113654,System ID,"Thursday, March 9, 2023",March,W,N,M,44,True,False,NEW HAVEN,55 ELM ST/ORANGE ST NEW HAVEN CT 06510,  ,  ,I,G,1.0,0,NONE,,False,N,False,False,N,,,,,False,1.0,CT005049E,CT005049E0405231450S,3/9/23 23:25,11:25:00 PM,2023,,,Other,2023
5/11/23 11:33,6499732.0,CT005049E,Yale,Racial Profile,32661,114549,System ID,"Monday, April 3, 2023",April,I,N,M,27,True,False,NEW HAVEN,237 COLLEGE ST/CROWN ST NEW HAVEN CT 06510,  ,  ,I,G,3.0,0,53A-62,,False,N,False,True,U,,,,,False,1.0,CT005049E,CT005049E0511231133S,4/3/23 23:58,11:58:00 PM,2023,NONE,,Other,2023
5/11/23 11:33,6499731.0,CT005049E,Yale,Racial Profile,32661,115093,System ID,"Friday, April 14, 2023",April,B,N,M,23,False,False,NEW HAVEN,271 YORK ST/ELM ST NEW HAVEN CT 06511,  ,  ,I,G,1.0,0,NONE,,False,N,False,False,N,,,,,False,1.0,CT005049E,CT005049E0511231133S,4/14/23 23:27,11:27:00 PM,2023,,,Other,2023
6/7/23 9:27,6526262.0,CT005049E,Yale,Racial Profile,32661,116172,System ID,"Friday, May 12, 2023",May,B,N,F,27,True,True,NEW HAVEN,185 ELM ST/COLLEGE ST NEW HAVEN CT 06511,  ,  ,E,G,1.0,0,14-96C,,False,N,False,False,V,,,,,False,1.0,CT005049E,CT005049E0607230927S,5/12/23 23:50,11:50:00 PM,2023,,,Defective Lights,2023
7/3/23 14:16,6542799.0,CT005049E,Yale,Racial Profile,32661,116979,System ID,"Sunday, June 11, 2023",June,W,N,M,51,True,False,NEW HAVEN,65 BROADWAY NEW HAVEN CT 06511,  ,  ,V,G,1.0,0,14-243,,False,N,False,False,I,,,,,False,1.0,CT005049E,CT005049E0703231416S,6/11/23 8:50,8:50:00 AM,2023,,,Moving Violation,2023
7/3/23 14:16,6542801.0,CT005049E,Yale,Racial Profile,32661,117108,System ID,"Thursday, June 15, 2023",June,B,N,F,32,True,True,NEW HAVEN,89 WINCHESTER AVE/WEBSTER ST NEW HAVEN CT 06511,  ,  ,I,G,2.0,0,WARRANT FOR 53A-61,,False,N,False,True,U,,,,,False,1.0,CT005049E,CT005049E0703231416S,6/15/23 23:37,11:37:00 PM,2023,NONE,,Other,2023
7/3/23 14:16,6542805.0,CT005049E,Yale,Racial Profile,32661,117356,System ID,"Monday, June 26, 2023",June,W,H,F,25,True,False,NEW HAVEN,268 COLLEGE ST NEW HAVEN CT 06510,  ,  ,I,G,2.0,0,WARRANT,,False,N,False,True,U,,,,,False,1.0,CT005049E,CT005049E0703231416S,6/26/23 0:40,12:40:00 AM,2023,NONE,,Other,2023
7/3/23 14:16,6542806.0,CT005049E,Yale,Racial Profile,32661,117456,System ID,"Wednesday, June 28, 2023",June,W,N,F,54,True,True,NEW HAVEN,88 TRUMBULL ST NEW HAVEN CT 06511,  ,  ,I,G,1.0,0,NONE,,False,N,False,False,N,,,,,False,1.0,CT005049E,CT005049E0703231416S,6/28/23 9:09,9:09:00 AM,2023,NONE,,Other,2023
8/8/23 9:37,6566830.0,CT005049E,Yale,Racial Profile,32661,117549,System ID,"Sunday, July 2, 2023",July,W,H,F,32,True,False,NEW HAVEN,185 ELM ST/COLLEGE ST NEW HAVEN CT 06511,  ,  ,I,G,1.0,0,53A-61,,False,N,False,True,U,,,,,False,1.0,CT005049E,CT005049E0808230937S,7/2/23 23:42,11:42:00 PM,2023,53A-61,,Other,2023
1/7/24 23:28,6713822.0,CT005049E,Yale,Racial Profile,32661,119500,System ID,"Saturday, September 2, 2023",September,W,N,F,26,True,False,NEW HAVEN,30 WHALLEY AVE NEW HAVEN CT 06511,  ,  ,V,G,3.0,1,14-215,,False,N,True,False,M,,,,,False,1.0,CT005049E,CT005049E0107242327S,9/2/23 0:18,12:18:00 AM,2023,NONE,,Administrative Offense,2023
1/7/24 23:28,6713814.0,CT005049E,Yale,Racial Profile,32661,119900,System ID,"Saturday, July 15, 2023",July,B,N,M,29,True,True,NEW HAVEN,15 BROADWAY NEW HAVEN CT 06511,  ,  ,E,G,1.0,0,14-299,,False,N,False,False,V,,,,,False,1.0,CT005049E,CT005049E0107242327S,7/15/23 0:53,12:53:00 AM,2023,NOND,,Traffic Control Signal,2023
1/7/24 23:28,6713815.0,CT005049E,Yale,Racial Profile,32661,119901,System ID,"Friday, August 25, 2023",August,W,N,M,56,True,False,NEW HAVEN,371 ORANGE ST/AUDUBON ST NEW HAVEN CT 06510,  ,  ,V,G,1.0,0,WARRANT,,False,N,False,True,U,,,,,False,1.0,CT005049E,CT005049E0107242327S,8/25/23 23:37,11:37:00 PM,2023,NONW,,Other,2023
1/7/24 23:28,6713836.0,CT005049E,Yale,Racial Profile,32661,120004,System ID,"Thursday, September 21, 2023",September,I,N,M,35,True,True,NEW HAVEN,248 ELM ST/YORK ST NEW HAVEN CT 06511,  ,  ,I,G,1.0,1,14-147C,,False,N,True,True,M,,,,,False,1.0,CT005049E,CT005049E0107242327S,9/21/23 23:30,11:30:00 PM,2023,NONE,,Administrative Offense,2023
1/7/24 23:28,6713824.0,CT005049E,Yale,Racial Profile,32661,120324,System ID,"Sunday, October 1, 2023",October,B,N,M,21,True,True,NEW HAVEN,366 CROWN ST/PARK ST NEW HAVEN CT 06511,  ,  ,V,G,1.0,0,UNSAFE START,,False,N,False,False,V,,,,,False,1.0,CT005049E,CT005049E0107242327S,10/1/23 0:12,12:12:00 AM,2023,NONE,,Other,2023
1/7/24 23:28,6713833.0,CT005049E,Yale,Racial Profile,32661,120877,System ID,"Thursday, October 5, 2023",October,W,H,M,23,True,True,NEW HAVEN,200 ELM ST/HIGH ST NEW HAVEN CT 06511,  ,  ,V,G,1.0,0,WRONG WAY,,False,N,False,False,V,,,,,False,1.0,CT005049E,CT005049E0107242327S,10/5/23 20:35,8:35:00 PM,2023,NONE,,Other,2023
1/7/24 23:28,6713854.0,CT005049E,Yale,Racial Profile,32670,121410,System ID,"Monday, November 13, 2023",November,B,N,M,48,True,False,NEW HAVEN,400 YORK ST NEW HAVEN CT 06511,  ,  ,V,G,1.0,0,"FAILURE TO REGISTER,",,False,N,False,False,I,,,,,False,1.0,CT005049E,CT005049E0107242327S,11/13/23 12:23,12:23:00 PM,2023,"14-12(A), 14-119(A)",,Other,2023
6/7/23 9:27,6526260.0,CT005049E,Yale,Racial Profile,479,116162,System ID,"Friday, May 12, 2023",May,W,N,M,42,True,False,NEW HAVEN,137 ELM ST NEW HAVEN CT 06510,  ,  ,V,G,1.0,0,"CGS 14-13, CGS 14-13",,False,N,False,False,I,,,,,False,1.0,CT005049E,CT005049E0607230927S,5/12/23 7:31,7:31:00 AM,2023,,,Other,2023
1/7/24 23:28,6713841.0,CT005049E,Yale,Racial Profile,514,120331,System ID,"Monday, October 2, 2023",October,B,N,F,29,False,False,NEW HAVEN,INTER SOUTH FRONTAGE RD NEW HAVEN CT 06511,  ,  ,V,G,1.0,0,14-299,,False,N,False,False,V,,,,,False,1.0,CT005049E,CT005049E0107242327S,10/2/23 8:15,8:15:00 AM,2023,,,Traffic Control Signal,2023
2/1/24 9:00,6768635.0,CT005049E,Yale,Racial Profile,514,122503,System ID,"Saturday, July 8, 2023",July,W,N,M,0,True,False,NEW HAVEN,181 YORK STREET NEW HAVEN CT 06511,  ,  ,V,G,1.0,0,DRIVING WRONG WAY ON,,False,N,False,False,N,,,,,False,1.0,CT005049E,CT005049E0201240900S,7/8/23 13:01,1:01:00 PM,2023,14-303,,Other,2023
3/7/23 9:18,6390584.0,CT005049E,Yale,Racial Profile,515,113139,System ID,"Friday, February 24, 2023",February,W,N,M,45,True,False,NEW HAVEN,149 ELM ST NEW HAVEN CT 06511,  ,  ,V,G,1.0,0,FAILURE TO OBEY TRAF,,False,N,False,False,I,,,,,False,1.0,CT005049E,CT005049E0307230918S,2/24/23 8:53,8:53:00 AM,2023,14-299,,Traffic Control Signal,2023
8/8/23 9:37,6566833.0,CT005049E,Yale,Racial Profile,515,118327,System ID,"Saturday, July 29, 2023",July,B,N,M,22,True,True,NEW HAVEN,40 PARK ST/S FRONTAGE RD NEW HAVEN CT 06511,  ,  ,V,G,1.0,0,FAILURE TO OBEY TRAF,,False,N,False,False,V,,,,,False,1.0,CT005049E,CT005049E0808230937S,7/29/23 11:34,11:34:00 AM,2023,14-299,,Traffic Control Signal,2023
1/7/24 23:28,6713913.0,CT005049E,Yale,Racial Profile,516,121067,System ID,"Wednesday, November 1, 2023",November,W,H,M,51,True,False,NEW HAVEN,1 COLD SPRING ST/ORANGE ST NEW HAVEN CT 06511,  ,  ,V,G,1.0,0,FAILURE TO OBEY STOP,,False,N,False,False,V,,,,,False,1.0,CT005049E,CT005049E0107242327S,11/1/23 9:51,9:51:00 AM,2023,15-301,,Stop Sign,2023
1/7/24 23:28,6713840.0,CT005049E,Yale,Racial Profile,523,120328,System ID,"Sunday, October 1, 2023",October,A,N,F,36,True,True,NEW HAVEN,1 TOWER LN/CHURCH ST S NEW HAVEN CT 06519,  ,  ,V,G,1.0,0,14-299,,False,N,False,False,W,,,,,False,1.0,CT005049E,CT005049E0107242327S,10/1/23 18:48,6:48:00 PM,2023,,,Traffic Control Signal,2023
2/1/24 9:00,6768676.0,CT005049E,Yale,Racial Profile,535,122652,System ID,"Monday, December 11, 2023",December,W,N,M,70,True,True,NEW HAVEN,149 PROSPECT ST/SACHEM ST NEW HAVEN CT 06511,  ,  ,V,G,1.0,0,FAILURE TO OBEY OVER,,False,N,False,False,V,,,,,False,1.0,CT005049E,CT005049E0201240900S,12/11/23 12:15,12:15:00 PM,2023,14-299,,Other,2023
7/3/23 14:16,6542808.0,CT005049E,Yale,Racial Profile,549,117507,System ID,"Tuesday, June 27, 2023",June,W,N,F,44,True,False,NEW HAVEN,INTER REV DR MARTIN LUTHER KING JR BLVD/ORCHARD ST NEW HAVEN CT 06511,  ,  ,V,B,1.0,0,DISOBEY TRAFFIC CONT,,False,N,False,False,V,,,,,False,1.0,CT005049E,CT005049E0703231416S,6/27/23 22:37,10:37:00 PM,2023,,,Traffic Control Signal,2023
1/7/24 23:28,6713889.0,CT005049E,Yale,Racial Profile,552,122111,System ID,"Tuesday, December 26, 2023",December,W,N,M,27,False,False,NEW HAVEN,1 WHALLEY AVE NEW HAVEN CT 06511,  ,  ,V,G,1.0,0,RED LIGHT VIOLATION,,False,N,False,False,V,,,,,False,1.0,CT005049E,CT005049E0107242327S,12/26/23 21:09,9:09:00 PM,2023,14-299,,Traffic Control Signal,2023
4/5/23 14:50,6413462.0,CT005049E,Yale,Racial Profile,553,114017,System ID,"Tuesday, March 21, 2023",March,W,H,M,20,False,False,NEW HAVEN,267 WINCHESTER AVE/MUNSON ST NEW HAVEN CT 06511,  ,  ,V,G,1.0,0,CELL PHONE VIOLATION,,False,N,False,False,V,,,,,False,1.0,CT005049E,CT005049E0405231450S,3/21/23 11:24,11:24:00 AM,2023,14--296AA(C1ST),,Cell Phone,2023
6/7/23 9:27,6526261.0,CT005049E,Yale,Racial Profile,553,116166,System ID,"Friday, May 12, 2023",May,B,N,M,27,True,True,NEW HAVEN,50 WHALLEY AVE/DWIGHT ST NEW HAVEN CT 06511,  ,  ,E,G,3.0,0,OPERERATING AN UNREG,,False,N,False,False,I,,,,,False,1.0,CT005049E,CT005049E0607230927S,5/12/23 14:48,2:48:00 PM,2023,14-12A,,Other,2023
1/7/24 23:28,6713830.0,CT005049E,Yale,Racial Profile,553,119105,System ID,"Tuesday, August 22, 2023",August,A,N,F,22,True,False,NEW HAVEN,347 SAINT RONAN ST/CANNER ST NEW HAVEN CT 06511,  ,  ,V,G,1.0,0,STOP SIGN,,False,N,False,False,V,,,,,False,1.0,CT005049E,CT005049E0107242327S,8/22/23 11:49,11:49:00 AM,2023,14-301,,Stop Sign,2023
1/7/24 23:28,6713831.0,CT005049E,Yale,Racial Profile,553,119106,System ID,"Tuesday, August 22, 2023",August,A,N,F,34,True,True,NEW HAVEN,297 CANNER ST/SAINT RONAN ST NEW HAVEN CT 06511,  ,  ,V,G,1.0,0,FAILURE TO OBEY STOP,,False,N,False,False,I,,,,,False,1.0,CT005049E,CT005049E0107242327S,8/22/23 11:23,11:23:00 AM,2023,14-301,,Stop Sign,2023
1/7/24 23:28,6713807.0,CT005049E,Yale,Racial Profile,553,119270,System ID,"Tuesday, August 22, 2023",August,W,N,M,57,True,False,NEW HAVEN,347 SAINT RONAN ST/CANNER ST NEW HAVEN CT 06511,  ,  ,V,G,1.0,0,FAILURE TO OBEY STOP,,False,N,False,False,V,,,,,False,1.0,CT005049E,CT005049E0107242327S,8/22/23 11:09,11:09:00 AM,2023,14-301,,Stop Sign,2023
1/7/24 23:28,6713865.0,CT005049E,Yale,Racial Profile,557,121832,System ID,"Sunday, December 10, 2023",December,W,N,M,22,True,False,NEW HAVEN,299 COLLEGE ST/CHAPEL ST NEW HAVEN CT 06510,  ,  ,V,G,1.0,0,14-299,,False,N,False,False,I,,,,,False,1.0,CT005049E,CT005049E0107242327S,12/10/23 2:18,2:18:00 AM,2023,,,Traffic Control Signal,2023
1/7/24 23:28,6713866.0,CT005049E,Yale,Racial Profile,557,121833,System ID,"Sunday, December 10, 2023",December,B,N,F,26,True,False,NEW HAVEN,97 ELM ST/CHURCH ST NEW HAVEN CT 06510,  ,  ,V,G,1.0,0,14-299,,False,N,False,False,V,,,,,False,1.0,CT005049E,CT005049E0107242327S,12/10/23 20:08,8:08:00 PM,2023,,,Traffic Control Signal,2023
2/14/23 23:14,6355364.0,CT005049E,Yale,Racial Profile,563,112606,System ID,"Friday, February 10, 2023",February,W,H,M,64,True,False,NEW HAVEN,125 PROSPECT ST NEW HAVEN CT 06511,  ,  ,V,G,1.0,0,"14-237, 14-299",,False,N,False,False,V,,,,,False,1.0,CT005049E,CT005049E0214232314S,2/10/23 16:49,4:49:00 PM,2023,,,Other,2023
2/22/23 15:25,6388754.0,CT005049E,Yale,Racial Profile,563,112663,System ID,"Monday, February 13, 2023",February,W,N,M,31,True,False,NEW HAVEN,322 WHITNEY AVE/EDWARDS ST NEW HAVEN CT 06511,  ,  ,V,G,1.0,0,14-299,,False,N,False,False,V,,,,,False,1.0,CT005049E,CT005049E0222231525S,2/13/23 17:06,5:06:00 PM,2023,,,Traffic Control Signal,2023
7/3/23 14:16,6542803.0,CT005049E,Yale,Racial Profile,563,117264,System ID,"Wednesday, June 21, 2023",June,B,N,M,69,True,True,NEW HAVEN,55 LOCK ST NEW HAVEN CT 06511,  ,  ,V,G,1.0,0,14-303,,False,N,False,False,V,,,,,False,1.0,CT005049E,CT005049E0703231416S,6/21/23 9:30,9:30:00 AM,2023,,,Other,2023
1/7/24 23:28,6713912.0,CT005049E,Yale,Racial Profile,563,121054,System ID,"Wednesday, November 1, 2023",November,W,N,F,76,True,True,NEW HAVEN,1000 CHAPEL ST/COLLEGE ST NEW HAVEN CT 06511,  ,  ,V,G,1.0,0,14-303,,False,N,False,False,V,,,,,False,1.0,CT005049E,CT005049E0107242327S,11/1/23 9:21,9:21:00 AM,2023,,,Other,2023
1/7/24 23:28,6713848.0,CT005049E,Yale,Racial Profile,563,121511,System ID,"Monday, November 20, 2023",November,W,N,M,57,True,False,NEW HAVEN,248 ELM ST/YORK ST NEW HAVEN CT 06511,  ,  ,V,G,1.0,0,14-303,,False,N,False,False,V,,,,,False,1.0,CT005049E,CT005049E0107242327S,11/20/23 7:47,7:47:00 AM,2023,,,Other,2023
1/7/24 23:28,6713859.0,CT005049E,Yale,Racial Profile,563,121698,System ID,"Thursday, November 30, 2023",November,A,N,M,28,False,False,NEW HAVEN,66 HILLHOUSE AVE/SACHEM ST NEW HAVEN CT 06511,  ,  ,V,G,1.0,0,14-303,,False,N,False,False,V,,,,,False,1.0,CT005049E,CT005049E0107242327S,11/30/23 18:25,6:25:00 PM,2023,,,Other,2023
1/7/24 23:28,6713863.0,CT005049E,Yale,Racial Profile,563,121827,System ID,"Friday, December 8, 2023",December,B,N,M,21,True,False,NEW HAVEN,8 HILLHOUSE AVE NEW HAVEN CT 06511,  ,  ,V,G,2.0,1,"14-36(A), 14-303",,True,I,True,False,V,,,,,False,1.0,CT005049E,CT005049E0107242327S,12/8/23 21:13,9:13:00 PM,2023,,,Other,2023
1/7/24 23:28,6713897.0,CT005049E,Yale,Racial Profile,565,122143,System ID,"Friday, December 29, 2023",December,B,N,F,47,True,True,NEW HAVEN,239 WHALLEY AVE NEW HAVEN CT 06511,  ,  ,V,G,2.0,0,FAILURE TO MAINT LAN,,False,N,False,False,I,,,,,False,1.0,CT005049E,CT005049E0107242327S,12/29/23 1:25,1:25:00 AM,2023,14-236,,Other,2023
1/7/24 23:28,6713803.0,CT005049E,Yale,Racial Profile,569,119079,System ID,"Sunday, August 20, 2023",August,B,N,M,25,True,True,NEW HAVEN,75 WHALLEY AVE NEW HAVEN CT 06511,  ,  ,V,G,3.0,1,MISUSE OF PLATE,,False,N,True,False,M,,,,,False,1.0,CT005049E,CT005049E0107242327S,8/20/23 21:22,9:22:00 PM,2023,14-147,,Display of Plates,2023
1/7/24 23:28,6713804.0,CT005049E,Yale,Racial Profile,569,119090,System ID,"Monday, August 21, 2023",August,B,N,M,22,True,True,NEW HAVEN,200 ELM ST NEW HAVEN CT 06511,  ,  ,V,G,1.0,0,FAIL OBEY TRAF SIGNA,,False,N,False,False,V,,,,,False,1.0,CT005049E,CT005049E0107242327S,8/21/23 18:01,6:01:00 PM,2023,14-299,,Other,2023
8/8/23 9:37,6566834.0,CT005049E,Yale,Racial Profile,578,118330,System ID,"Saturday, July 29, 2023",July,B,N,M,29,True,False,NEW HAVEN,121 ELM ST NEW HAVEN CT 06510,  ,  ,V,G,1.0,0,TRAFFIC CONTROL SIGN,,False,N,False,False,V,,,,,False,1.0,CT005049E,CT005049E0808230937S,7/29/23 18:52,6:52:00 PM,2023,14-299,,Traffic Control Signal,2023
1/7/24 23:28,6713825.0,CT005049E,Yale,Racial Profile,578,120043,System ID,"Saturday, September 2, 2023",September,W,N,M,0,True,False,NEW HAVEN,368 TEMPLE ST/GROVE ST NEW HAVEN CT 06510,  ,  ,V,G,1.0,0,WRONG WAY,,False,N,False,False,N,,,,,False,1.0,CT005049E,CT005049E0107242327S,9/2/23 20:27,8:27:00 PM,2023,,,Other,2023
1/7/24 23:28,6713826.0,CT005049E,Yale,Racial Profile,578,120044,System ID,"Wednesday, August 30, 2023",August,B,N,F,0,True,True,NEW HAVEN,84 ASHMUN ST NEW HAVEN CT 06511,  ,  ,E,G,1.0,0,PLATE,,False,N,False,False,N,,,,,False,1.0,CT005049E,CT005049E0107242327S,8/30/23 20:16,8:16:00 PM,2023,,,Display of Plates,2023
1/7/24 23:28,6713846.0,CT005049E,Yale,Racial Profile,578,120266,System ID,"Wednesday, August 30, 2023",August,B,N,F,35,True,True,NEW HAVEN,84 ASHMUN ST/LAKE PL NEW HAVEN CT 06511,  ,  ,E,G,1.0,0,PLATE LOCATION,,False,N,False,False,N,,,,,False,1.0,CT005049E,CT005049E0107242327S,8/30/23 20:16,8:16:00 PM,2023,,,Other,2023
1/7/24 23:28,6713843.0,CT005049E,Yale,Racial Profile,578,120502,System ID,"Thursday, October 5, 2023",October,B,N,F,51,True,True,NEW HAVEN,158 WHITNEY AVE NEW HAVEN CT 06511,  ,  ,V,G,3.0,1,OPERATING W/O LICENS,,False,N,True,False,I,,,,,False,1.0,CT005049E,CT005049E0107242327S,10/5/23 21:05,9:05:00 PM,2023,14-36(A),,Administrative Offense,2023
2/1/24 9:00,6768638.0,CT005049E,Yale,Racial Profile,578,122544,System ID,"Thursday, October 5, 2023",October,B,N,F,50,True,True,NEW HAVEN,158 WHITNEY AVE NEW HAVEN CT 06511,  ,  ,V,G,2.0,1,UNREGISTERED MOTOR V,,False,N,True,False,I,,,,,False,1.0,CT005049E,CT005049E0201240900S,10/5/23 18:41,6:41:00 PM,2023,CGS 14-12(A)*,,Registration,2023
6/7/23 9:27,6526264.0,CT005049E,Yale,Racial Profile,583,116410,System ID,"Tuesday, May 23, 2023",May,W,N,M,32,True,False,NEW HAVEN,100 TOWER PKY NEW HAVEN CT 06511,  ,  ,V,G,1.0,0,TRAVELLING TOO FAST ,,False,N,False,False,V,,,,,False,1.0,CT005049E,CT005049E0607230927S,5/23/23 12:37,12:37:00 PM,2023,14-218A,,Other,2023
1/7/24 23:28,6713834.0,CT005049E,Yale,Racial Profile,583,120972,System ID,"Friday, October 27, 2023",October,W,H,M,18,False,True,NEW HAVEN,219 LIVINGSTON ST NEW HAVEN CT 06511,  ,  ,V,G,2.0,0,DRIVING WITHOUT A LI,,False,N,False,False,I,,,,,False,1.0,CT005049E,CT005049E0107242327S,10/27/23 13:11,1:11:00 PM,2023,14-36,,Other,2023
1/7/24 23:28,6713907.0,CT005049E,Yale,Racial Profile,6607,122294,System ID,"Monday, July 31, 2023",July,W,N,F,41,True,True,NEW HAVEN,318 ASHMUN ST NEW HAVEN CT 06511,  ,  ,I,G,2.0,1,MISUSE OF MARKER PLA,,True,I,True,False,M,,,,,False,1.0,CT005049E,CT005049E0107242327S,7/31/23 19:59,7:59:00 PM,2023,14-147,,Display of Plates,2023
1/7/24 23:28,6713899.0,CT005049E,Yale,Racial Profile,78675,122153,System ID,"Saturday, December 30, 2023",December,B,N,M,40,True,False,NEW HAVEN,139 DIXWELL AVE/WEBSTER ST NEW HAVEN CT 06511,  ,  ,V,G,1.0,0,RED LIGHT VIOLATION,,False,N,False,False,V,,,,,False,1.0,CT005049E,CT005049E0107242327S,12/30/23 15:37,3:37:00 PM,2023,14-299,,Traffic Control Signal,2023
4/5/23 14:50,6413461.0,CT005049E,Yale,Racial Profile,78701,114346,System ID,"Thursday, March 16, 2023",March,W,N,M,26,False,False,NEW HAVEN,120 GEORGE ST/CHURCH ST NEW HAVEN CT 06510,  ,  ,V,G,1.0,0,FAILURE TO WEAR SEAT,,False,N,False,False,I,,,,,False,1.0,CT005049E,CT005049E0405231450S,3/16/23 20:29,8:29:00 PM,2023,14-100A(C)(1),,Seatbelt,2023
1/7/24 23:28,6713800.0,CT005049E,Yale,Racial Profile,78701,116952,System ID,"Thursday, May 25, 2023",May,W,H,M,22,True,True,NEW HAVEN,81 DWIGHT ST NEW HAVEN CT 06511,  ,  ,V,G,1.0,0,14-303,,False,N,False,False,V,,,,,False,1.0,CT005049E,CT005049E0107242327S,5/25/23 21:02,9:02:00 PM,2023,,,Other,2023
7/3/23 14:16,6542800.0,CT005049E,Yale,Racial Profile,78701,117007,System ID,"Tuesday, June 13, 2023",June,B,N,M,47,True,True,NEW HAVEN,170 COLLEGE ST NEW HAVEN CT 06510,  ,  ,V,G,1.0,1,OPERATING UNREGISTER,,False,N,True,False,I,,,,,False,1.0,CT005049E,CT005049E0703231416S,6/13/23 18:50,6:50:00 PM,2023,14-12(A)*,,Registration,2023
7/3/23 14:16,6542807.0,CT005049E,Yale,Racial Profile,78701,117480,System ID,"Monday, June 12, 2023",June,B,N,F,34,True,True,NEW HAVEN,271 YORK ST/ELM ST NEW HAVEN CT 06511,  ,  ,V,G,1.0,0,14-100A(D)(1)(C),,True,N,False,False,V,,,,,False,1.0,CT005049E,CT005049E0703231416S,6/12/23 18:34,6:34:00 PM,2023,,,Seatbelt,2023
8/8/23 9:37,6566831.0,CT005049E,Yale,Racial Profile,78701,117587,System ID,"Sunday, July 2, 2023",July,B,N,F,61,True,True,NEW HAVEN,105 BROADWAY/TOWER PKY NEW HAVEN CT 06511,  ,  ,V,G,1.0,0,FLR TO GRANT RIGHT O,,False,N,False,False,V,,,,,False,1.0,CT005049E,CT005049E0808230937S,7/2/23 17:51,5:51:00 PM,2023,14-300(C),,Other,2023
8/8/23 9:37,6566827.0,CT005049E,Yale,Racial Profile,78701,117935,System ID,"Monday, July 17, 2023",July,B,N,M,28,True,False,NEW HAVEN,89 WINCHESTER AVE NEW HAVEN CT 06511,  ,  ,V,G,1.0,0,FAILURE TO DRIVE IN ,,False,N,False,False,I,,,,,False,1.0,CT005049E,CT005049E0808230937S,7/17/23 17:45,5:45:00 PM,2023,14-236,,Other,2023
8/8/23 9:37,6566829.0,CT005049E,Yale,Racial Profile,78701,118136,System ID,"Friday, July 21, 2023",July,B,N,M,51,True,False,NEW HAVEN,189 ELM ST NEW HAVEN CT 06511,  ,  ,V,G,1.0,0,FLR DRIVE REASONABLE,,False,N,False,False,V,,,,,False,1.0,CT005049E,CT005049E0808230937S,7/21/23 20:41,8:41:00 PM,2023,14-240,,Other,2023
8/8/23 9:37,6566835.0,CT005049E,Yale,Racial Profile,78701,118436,System ID,"Friday, July 7, 2023",July,I,N,M,45,True,False,NEW HAVEN,200 ELM ST/HIGH ST NEW HAVEN CT 06511,  ,  ,V,G,1.0,0,FAILURE TO DRIVE IN ,,False,N,False,False,V,,,,,False,1.0,CT005049E,CT005049E0808230937S,7/7/23 17:28,5:28:00 PM,2023,14-236,,Other,2023
1/7/24 23:28,6713795.0,CT005049E,Yale,Racial Profile,78701,118875,System ID,"Thursday, August 10, 2023",August,B,N,M,35,True,True,NEW HAVEN,608 WHITNEY AVE NEW HAVEN CT 06511,  ,  ,V,G,1.0,0,14-301,,False,N,False,False,V,,,,,False,1.0,CT005049E,CT005049E0107242327S,8/10/23 16:16,4:16:00 PM,2023,,,Stop Sign,2023
1/7/24 23:28,6713796.0,CT005049E,Yale,Racial Profile,78701,118876,System ID,"Thursday, August 10, 2023",August,B,N,F,20,True,True,NEW HAVEN,608 WHITNEY AVE NEW HAVEN CT 06511,  ,  ,V,G,1.0,0,14-301,,False,N,False,False,V,,,,,False,1.0,CT005049E,CT005049E0107242327S,8/10/23 17:04,5:04:00 PM,2023,,,Stop Sign,2023
1/7/24 23:28,6713797.0,CT005049E,Yale,Racial Profile,78701,118877,System ID,"Thursday, August 10, 2023",August,B,N,F,41,True,True,NEW HAVEN,22 HIGHLAND ST NEW HAVEN CT 06511,  ,  ,V,G,1.0,0,14-296AA(B),,False,N,False,False,V,,,,,False,1.0,CT005049E,CT005049E0107242327S,8/10/23 17:19,5:19:00 PM,2023,,,Cell Phone,2023
1/7/24 23:28,6713798.0,CT005049E,Yale,Racial Profile,78701,118878,System ID,"Thursday, August 10, 2023",August,W,H,M,19,True,True,NEW HAVEN,1 EVERIT ST/CANNER ST NEW HAVEN CT 06511,  ,  ,V,G,1.0,0,FLR OBEY STOP SIGN,,False,N,False,False,I,,,,,False,1.0,CT005049E,CT005049E0107242327S,8/10/23 17:34,5:34:00 PM,2023,14-301,,Other,2023
1/7/24 23:28,6713799.0,CT005049E,Yale,Racial Profile,78701,118879,System ID,"Thursday, August 10, 2023",August,W,N,F,55,True,False,NEW HAVEN,262 CANNER ST NEW HAVEN CT 06511,  ,  ,V,G,1.0,0,14-301,,False,N,False,False,V,,,,,False,1.0,CT005049E,CT005049E0107242327S,8/10/23 18:32,6:32:00 PM,2023,,,Stop Sign,2023
1/7/24 23:28,6713801.0,CT005049E,Yale,Racial Profile,78701,119030,System ID,"Friday, August 18, 2023",August,W,H,F,30,True,True,NEW HAVEN,32 HIGHLAND ST NEW HAVEN CT 06511,  ,  ,V,G,1.0,0,FAILURE TO OBEY STOP,,False,N,False,False,I,,,,,False,1.0,CT005049E,CT005049E0107242327S,8/18/23 18:06,6:06:00 PM,2023,14-301,,Stop Sign,2023
1/7/24 23:28,6713808.0,CT005049E,Yale,Racial Profile,78701,119282,System ID,"Monday, August 28, 2023",August,W,N,M,21,False,False,NEW HAVEN,1177 CHAPEL ST/PARK ST NEW HAVEN CT 06511,  ,  ,V,G,1.0,0,FLR GRANT RIGHT OF W,,False,N,False,False,V,,,,,False,1.0,CT005049E,CT005049E0107242327S,8/28/23 18:18,6:18:00 PM,2023,14-300(C),,Other,2023
1/7/24 23:28,6713809.0,CT005049E,Yale,Racial Profile,78701,119392,System ID,"Wednesday, August 30, 2023",August,W,N,M,74,True,False,NEW HAVEN,500 COLLEGE ST NEW HAVEN CT 06511,  ,  ,V,G,1.0,0,FAILURE TO OBEY TRAF,,False,N,False,False,V,,,,,False,1.0,CT005049E,CT005049E0107242327S,8/30/23 17:46,5:46:00 PM,2023,14-299,,Traffic Control Signal,2023
1/7/24 23:28,6713827.0,CT005049E,Yale,Racial Profile,78701,120113,System ID,"Monday, September 25, 2023",September,B,N,M,44,False,True,NEW HAVEN,20 YORK ST NEW HAVEN CT 06511,  ,  ,V,G,1.0,0,DRIVING WRONG WAY ON,,False,N,False,False,V,,,,,False,1.0,CT005049E,CT005049E0107242327S,9/25/23 19:45,7:45:00 PM,2023,14-303,,Other,2023
1/7/24 23:28,6713838.0,CT005049E,Yale,Racial Profile,78701,120704,System ID,"Friday, October 13, 2023",October,B,N,M,34,True,True,NEW HAVEN,200 ELM ST/HIGH ST NEW HAVEN CT 06511,  ,  ,V,G,1.0,0,FLR OBEY TRAFFIC SIG,,False,N,False,False,V,,,,,False,1.0,CT005049E,CT005049E0107242327S,10/13/23 18:22,6:22:00 PM,2023,14-299,,Other,2023
1/7/24 23:28,6713855.0,CT005049E,Yale,Racial Profile,78701,121616,System ID,"Thursday, November 23, 2023",November,B,N,M,29,True,False,NEW HAVEN,184 PARK ST NEW HAVEN CT 06511,  ,  ,V,G,1.0,0,TRAVELING UNREASONAB,,False,N,False,False,V,,,,,False,1.0,CT005049E,CT005049E0107242327S,11/23/23 16:29,4:29:00 PM,2023,14-218,,Speed Related,2023
2/1/24 9:00,6768672.0,CT005049E,Yale,Racial Profile,78701,122611,System ID,"Saturday, July 22, 2023",July,W,N,M,25,True,False,NEW HAVEN,20 TOWER PKY NEW HAVEN CT 06511,  ,  ,V,G,1.0,0,TRAVELING UNREASONAB,,False,N,False,False,V,,,,,False,1.0,CT005049E,CT005049E0201240900S,7/22/23 1:58,1:58:00 AM,2023,14-218,,Speed Related,2023
3/7/23 9:18,6390586.0,CT005049E,Yale,Racial Profile,78702,113499,System ID,"Friday, February 24, 2023",February,W,N,F,24,False,False,NEW HAVEN,248 ELM ST/YORK ST NEW HAVEN CT 06511,  ,  ,V,G,1.0,0,WRONG ON ONE WAY 14-,,False,N,False,False,V,,,,,False,1.0,CT005049E,CT005049E0307230918S,2/24/23 22:27,10:27:00 PM,2023,,,Other,2023
1/7/24 23:28,6713820.0,CT005049E,Yale,Racial Profile,78702,115100,System ID,"Friday, February 17, 2023",February,A,N,F,22,False,False,NEW HAVEN,481 COLLEGE ST/WALL ST NEW HAVEN CT 06511,  ,  ,V,G,1.0,0,FAILURE TO YIELD,,False,N,False,False,V,,,,,False,1.0,CT005049E,CT005049E0107242327S,2/17/23 21:20,9:20:00 PM,2023,,,Other,2023
1/7/24 23:28,6713828.0,CT005049E,Yale,Racial Profile,78703,120148,System ID,"Friday, August 18, 2023",August,B,N,M,18,True,False,NEW HAVEN,280 TEMPLE ST/ELM ST NEW HAVEN CT 06510,  ,  ,V,G,1.0,0,14-299,,False,N,False,False,V,,,,,False,1.0,CT005049E,CT005049E0107242327S,8/18/23 22:15,10:15:00 PM,2023,,,Traffic Control Signal,2023
1/7/24 23:28,6713829.0,CT005049E,Yale,Racial Profile,78703,120149,System ID,"Tuesday, September 26, 2023",September,W,N,F,68,True,False,NEW HAVEN,280 GROVE ST/YORK ST NEW HAVEN CT 06511,  ,  ,V,G,1.0,0,14-299,,False,N,False,False,V,,,,,False,1.0,CT005049E,CT005049E0107242327S,9/26/23 17:23,5:23:00 PM,2023,,,Traffic Control Signal,2023
1/7/24 23:28,6713860.0,CT005049E,Yale,Racial Profile,78703,120543,System ID,"Saturday, October 7, 2023",October,W,N,M,60,True,False,NEW HAVEN,80 GROVE ST/WHITNEY AVE NEW HAVEN CT 06510,  ,  ,V,B,1.0,0,14-299 AND 14-236,,False,N,False,False,V,,,,,False,1.0,CT005049E,CT005049E0107242327S,10/7/23 19:00,7:00:00 PM,2023,,,Other,2023
1/7/24 23:28,6713839.0,CT005049E,Yale,Racial Profile,78703,121333,System ID,"Thursday, November 9, 2023",November,W,N,M,23,False,False,NEW HAVEN,481 COLLEGE ST/WALL ST NEW HAVEN CT 06511,  ,  ,V,B,1.0,0,14-299,,False,N,False,False,V,,,,,False,1.0,CT005049E,CT005049E0107242327S,11/9/23 20:16,8:16:00 PM,2023,,,Traffic Control Signal,2023
1/7/24 23:28,6713850.0,CT005049E,Yale,Racial Profile,78703,121334,System ID,"Thursday, November 9, 2023",November,B,N,M,23,True,False,NEW HAVEN,68 TRUMBULL ST/WHITNEY AVE NEW HAVEN CT 06511,  ,  ,V,B,1.0,0,14-299,,False,N,False,False,V,,,,,False,1.0,CT005049E,CT005049E0107242327S,11/9/23 20:55,8:55:00 PM,2023,,,Traffic Control Signal,2023
1/7/24 23:28,6713869.0,CT005049E,Yale,Racial Profile,78703,121892,System ID,"Tuesday, December 12, 2023",December,W,N,M,69,True,True,NEW HAVEN,1 PROSPECT ST/GROVE ST NEW HAVEN CT 06511,  ,  ,V,G,1.0,0,14-300(C),,False,N,False,False,V,,,,,False,1.0,CT005049E,CT005049E0107242327S,12/12/23 17:57,5:57:00 PM,2023,,,Other,2023
2/1/24 9:00,6768675.0,CT005049E,Yale,Racial Profile,78713,122651,System ID,"Sunday, August 27, 2023",August,B,N,M,21,True,True,NEW HAVEN,301 PROSPECT ST NEW HAVEN CT 06511,  ,  ,I,G,3.0,0,UNREGISTERED,,False,N,False,False,U,,,,,False,1.0,CT005049E,CT005049E0201240900S,8/27/23 4:52,4:52:00 AM,2023,14-12A,,Registration,2023
3/7/23 9:18,6390585.0,CT005049E,Yale,Racial Profile,78741,113141,System ID,"Friday, February 24, 2023",February,W,N,F,41,True,False,NEW HAVEN,1 DIXWELL AVE NEW HAVEN CT 06511,  ,  ,V,G,1.0,0,14-299 FAIL OBEY CON,,False,N,False,False,V,,,,,False,1.0,CT005049E,CT005049E0307230918S,2/24/23 12:47,12:47:00 PM,2023,,,Other,2023
4/5/23 14:50,6413464.0,CT005049E,Yale,Racial Profile,78741,113288,System ID,"Wednesday, March 1, 2023",March,W,H,M,35,True,True,NEW HAVEN,25 DIVISION ST NEW HAVEN CT 06511,  ,  ,V,G,1.0,0,14-301  STOP SIGN VI,,False,N,False,False,V,,,,,False,1.0,CT005049E,CT005049E0405231450S,3/1/23 10:12,10:12:00 AM,2023,,,Other,2023
4/5/23 14:50,6413460.0,CT005049E,Yale,Racial Profile,78741,113672,System ID,"Sunday, March 12, 2023",March,B,N,M,60,True,False,NEW HAVEN,8 TOWER PKY NEW HAVEN CT 06511,  ,  ,V,G,1.0,0,14-218A  TRAVELING U,,False,N,False,False,V,,,,,False,1.0,CT005049E,CT005049E0405231450S,3/12/23 18:28,6:28:00 PM,2023,,,Other,2023
4/5/23 14:50,6413467.0,CT005049E,Yale,Racial Profile,78741,114169,System ID,"Thursday, March 23, 2023",March,W,N,M,22,False,True,NEW HAVEN,R PKW YORK STREET NEW HAVEN CT 06520,  ,  ,V,G,1.0,0,LEFT ON RED  14-299,,False,N,False,False,V,,,,,False,1.0,CT005049E,CT005049E0405231450S,3/23/23 19:57,7:57:00 PM,2023,,,Other,2023
4/5/23 14:50,6413463.0,CT005049E,Yale,Racial Profile,78741,114472,System ID,"Friday, March 31, 2023",March,W,N,M,58,True,False,NEW HAVEN,70 TOWER PKY NEW HAVEN CT 06511,  ,  ,V,G,1.0,0,FAIL OBEY CONTROL SI,,False,N,False,False,V,,,,,False,1.0,CT005049E,CT005049E0405231450S,3/31/23 20:21,8:21:00 PM,2023,,,Traffic Control Signal,2023
5/11/23 11:33,6499729.0,CT005049E,Yale,Racial Profile,78741,115035,System ID,"Thursday, April 13, 2023",April,A,N,F,23,True,True,NEW HAVEN,115 TOWER PKY NEW HAVEN CT 06511,  ,  ,V,G,1.0,0,14-300D FAIL EXERCIS,,False,N,False,False,V,,,,,False,1.0,CT005049E,CT005049E0511231133S,4/13/23 17:26,5:26:00 PM,2023,,,Other,2023
5/11/23 11:33,6499733.0,CT005049E,Yale,Racial Profile,78741,115114,System ID,"Sunday, April 16, 2023",April,B,N,M,36,True,True,NEW HAVEN,469 COLLEGE ST NEW HAVEN CT 06511,  ,  ,V,G,1.0,0,14-299 FAIL OBEY OVE,,False,N,False,False,V,,,,,False,1.0,CT005049E,CT005049E0511231133S,4/16/23 16:16,4:16:00 PM,2023,,,Other,2023
5/11/23 11:33,6499728.0,CT005049E,Yale,Racial Profile,78741,115646,System ID,"Wednesday, April 26, 2023",April,B,N,F,30,True,False,NEW HAVEN,322 YORK STREET NEW HAVEN CT 06511,  ,  ,V,G,1.0,0,14-241 IMPROPER TURN,,False,N,False,False,V,,,,,False,1.0,CT005049E,CT005049E0511231133S,4/26/23 17:05,5:05:00 PM,2023,,,Other,2023
6/7/23 9:27,6526270.0,CT005049E,Yale,Racial Profile,78741,115902,System ID,"Saturday, May 6, 2023",May,B,N,M,34,True,False,NEW HAVEN,241 ELM ST NEW HAVEN CT 06511,  ,  ,V,G,1.0,0,14-299 FAIL OBEY TRA,,False,N,False,False,V,,,,,False,1.0,CT005049E,CT005049E0607230927S,5/6/23 16:37,4:37:00 PM,2023,,,Traffic Control Signal,2023
6/7/23 9:27,6526263.0,CT005049E,Yale,Racial Profile,78741,116174,System ID,"Saturday, May 13, 2023",May,W,N,M,19,True,False,NEW HAVEN,70 TOWER PARKWAY NEW HAVEN CT 06511,  ,  ,V,G,1.0,0,14-299 LEFT ON RED L,,False,N,False,False,V,,,,,False,1.0,CT005049E,CT005049E0607230927S,5/13/23 0:07,12:07:00 AM,2023,,,Other,2023
6/7/23 9:27,6526274.0,CT005049E,Yale,Racial Profile,78741,116338,System ID,"Friday, May 19, 2023",May,W,N,F,28,False,False,NEW HAVEN,170 GROVE ST NEW HAVEN CT 06511,  ,  ,V,G,1.0,0,14-299 FAIL OBEY TRA,,False,N,False,False,V,,,,,False,1.0,CT005049E,CT005049E0607230927S,5/19/23 16:53,4:53:00 PM,2023,,,Traffic Control Signal,2023
6/7/23 9:27,6526276.0,CT005049E,Yale,Racial Profile,78741,116537,System ID,"Sunday, May 28, 2023",May,B,N,M,30,True,False,NEW HAVEN,GROVE AT COLLEGE NEW HAVEN CT 06520,  ,  ,V,G,1.0,0,14-242  LEFT TURN FR,,False,N,False,False,V,,,,,False,1.0,CT005049E,CT005049E0607230927S,5/28/23 15:39,3:39:00 PM,2023,,,Other,2023
7/3/23 14:16,6542797.0,CT005049E,Yale,Racial Profile,78741,116966,System ID,"Friday, June 9, 2023",June,W,N,M,72,True,False,NEW HAVEN,250 TEMPLE ST NEW HAVEN CT 06510,  ,  ,V,G,1.0,0,14-299  FAIL TO OBEY,,False,N,False,False,V,,,,,False,1.0,CT005049E,CT005049E0703231416S,6/9/23 17:55,5:55:00 PM,2023,,,Traffic Control Signal,2023
7/3/23 14:16,6542802.0,CT005049E,Yale,Racial Profile,78741,117140,System ID,"Saturday, June 17, 2023",June,B,N,F,23,False,True,NEW HAVEN,29 BROADWAY NEW HAVEN CT 06511,  ,  ,V,G,1.0,0,14-299  FAIL OBEY TR,,False,N,False,False,V,,,,,False,1.0,CT005049E,CT005049E0703231416S,6/17/23 20:57,8:57:00 PM,2023,,,Other,2023
7/3/23 14:16,6542804.0,CT005049E,Yale,Racial Profile,78741,117347,System ID,"Thursday, June 22, 2023",June,B,N,M,51,False,False,NEW HAVEN,80 TOWER PKY NEW HAVEN CT 06511,  ,  ,V,G,1.0,0,14-299 FAIL OBEY CON,,False,N,False,False,V,,,,,False,1.0,CT005049E,CT005049E0703231416S,6/22/23 16:04,4:04:00 PM,2023,,,Other,2023
8/8/23 9:37,6566825.0,CT005049E,Yale,Racial Profile,78741,117689,System ID,"Friday, July 7, 2023",July,W,N,M,35,True,True,NEW HAVEN,88 BROADWAY NEW HAVEN CT 06511,  ,  ,V,G,1.0,0,LEFT ON RED LIGHT 14,,False,N,False,False,V,,,,,False,1.0,CT005049E,CT005049E0808230937S,7/7/23 15:23,3:23:00 PM,2023,,,Other,2023
1/7/24 23:28,6713821.0,CT005049E,Yale,Racial Profile,78741,118685,System ID,"Tuesday, August 8, 2023",August,W,N,M,26,True,False,NEW HAVEN,130 TOWER PKY NEW HAVEN CT 06511,  ,  ,V,G,1.0,0,TRAVELING UNREASONAB,,False,N,False,False,V,,,,,False,1.0,CT005049E,CT005049E0107242327S,8/8/23 16:47,4:47:00 PM,2023,,,Speed Related,2023
1/7/24 23:28,6713810.0,CT005049E,Yale,Racial Profile,78741,118885,System ID,"Sunday, August 13, 2023",August,B,N,F,37,True,False,NEW HAVEN,642 WHITNEY AVE/HIGHLAND ST NEW HAVEN CT 06511,  ,  ,V,G,1.0,0,14-301 FAIL TO STOP ,,False,N,False,False,V,,,,,False,1.0,CT005049E,CT005049E0107242327S,8/13/23 16:11,4:11:00 PM,2023,,,Stop Sign,2023
1/7/24 23:28,6713811.0,CT005049E,Yale,Racial Profile,78741,118902,System ID,"Monday, August 14, 2023",August,W,N,M,24,False,False,NEW HAVEN,300 CANNER AT LOOMIS NEW HAVEN CT 06511,  ,  ,V,G,1.0,0,14-301 FAIL STOP FOR,,False,N,False,False,V,,,,,False,1.0,CT005049E,CT005049E0107242327S,8/14/23 16:59,4:59:00 PM,2023,,,Other,2023
1/7/24 23:28,6713832.0,CT005049E,Yale,Racial Profile,78741,119233,System ID,"Monday, August 21, 2023",August,W,N,M,34,True,True,NEW HAVEN,1 DIVISION ST/PROSPECT ST NEW HAVEN CT 06511,  ,  ,V,G,1.0,0,14-301 STOP SIGN VIO,,False,N,False,False,V,,,,,False,1.0,CT005049E,CT005049E0107242327S,8/21/23 16:03,4:03:00 PM,2023,,,Stop Sign,2023
1/7/24 23:28,6713805.0,CT005049E,Yale,Racial Profile,78741,119249,System ID,"Friday, August 25, 2023",August,W,H,F,23,True,False,NEW HAVEN,640 HIGHLAND AT WHITNEY NEW HAVEN CT 06511,  ,  ,V,G,1.0,0,14-301 FAIL STOP AT ,,False,N,False,False,V,,,,,False,1.0,CT005049E,CT005049E0107242327S,8/25/23 18:24,6:24:00 PM,2023,,,Other,2023
1/7/24 23:28,6713806.0,CT005049E,Yale,Racial Profile,78741,119251,System ID,"Friday, August 25, 2023",August,W,H,F,23,True,False,NEW HAVEN,640 HIGHLAND @ WHITNEY NEW HAVEN CT 06511,  ,  ,V,G,1.0,0,14-301 FAIL STOP FOR,,False,N,False,False,V,,,,,False,1.0,CT005049E,CT005049E0107242327S,8/25/23 18:24,6:24:00 PM,2023,,,Other,2023
1/7/24 23:28,6713823.0,CT005049E,Yale,Racial Profile,78741,119515,System ID,"Sunday, September 3, 2023",September,B,N,M,59,True,False,NEW HAVEN,280 GROVE ST NEW HAVEN CT 06511,  ,  ,V,G,1.0,0,14-299  FAIL STOP FO,,False,N,False,False,V,,,,,False,1.0,CT005049E,CT005049E0107242327S,9/3/23 18:02,6:02:00 PM,2023,,,Other,2023
1/7/24 23:28,6713812.0,CT005049E,Yale,Racial Profile,78741,119814,System ID,"Friday, September 15, 2023",September,W,H,M,45,True,True,NEW HAVEN,55 ELM ST NEW HAVEN CT 06510,  ,  ,V,G,1.0,0,14-299  RED LIGHT VI,,False,N,False,False,V,,,,,False,1.0,CT005049E,CT005049E0107242327S,9/15/23 4:41,4:41:00 AM,2023,,,Other,2023
1/7/24 23:28,6713837.0,CT005049E,Yale,Racial Profile,78741,120005,System ID,"Friday, September 22, 2023",September,B,N,M,28,True,True,NEW HAVEN,1122 CHAPEL ST NEW HAVEN CT 06511,  ,  ,V,G,1.0,0,14-299  FAIL STOP FO,,False,N,False,False,V,,,,,False,1.0,CT005049E,CT005049E0107242327S,9/22/23 1:54,1:54:00 AM,2023,,,Other,2023
1/7/24 23:28,6713845.0,CT005049E,Yale,Racial Profile,78741,120236,System ID,"Thursday, September 28, 2023",September,W,H,M,54,True,False,NEW HAVEN,185 ELM ST NEW HAVEN CT 06511,  ,  ,V,G,1.0,0,14-299 FAIL OBEY TRA,,False,N,False,False,V,,,,,False,1.0,CT005049E,CT005049E0107242327S,9/28/23 0:13,12:13:00 AM,2023,,,Traffic Control Signal,2023
1/7/24 23:28,6713842.0,CT005049E,Yale,Racial Profile,78741,120414,System ID,"Wednesday, October 4, 2023",October,W,N,F,44,True,False,NEW HAVEN,81 SOUTH ST/SYLVAN AVE NEW HAVEN CT 06519,  ,  ,V,G,1.0,0,14-299 FAIL OBEY TRA,,False,N,False,False,V,,,,,False,1.0,CT005049E,CT005049E0107242327S,10/4/23 3:04,3:04:00 AM,2023,,,Traffic Control Signal,2023
1/7/24 23:28,6713861.0,CT005049E,Yale,Racial Profile,78741,120557,System ID,"Tuesday, October 10, 2023",October,W,H,M,32,True,True,NEW HAVEN,1177 CHAPEL ST NEW HAVEN CT 06511,  ,  ,V,G,1.0,0,"14-215 OP SUSP, 14-1",,False,N,False,False,I,,,,,False,1.0,CT005049E,CT005049E0107242327S,10/10/23 0:16,12:16:00 AM,2023,,,Other,2023
1/7/24 23:28,6713851.0,CT005049E,Yale,Racial Profile,78741,121349,System ID,"Friday, November 10, 2023",November,W,N,M,46,True,False,NEW HAVEN,143 ELM ST NEW HAVEN CT 06511,  ,  ,V,G,1.0,0,14-299  FAIL OBEY CO,,False,N,False,False,V,,,,,False,1.0,CT005049E,CT005049E0107242327S,11/10/23 17:09,5:09:00 PM,2023,,,Other,2023
1/7/24 23:28,6713857.0,CT005049E,Yale,Racial Profile,78741,121685,System ID,"Wednesday, November 29, 2023",November,B,N,F,28,True,False,NEW HAVEN,1 WHITNEY AVE NEW HAVEN CT 06510,  ,  ,V,G,1.0,0,14-299 RED LIGHT VIO,,False,N,False,False,V,,,,,False,1.0,CT005049E,CT005049E0107242327S,11/29/23 15:59,3:59:00 PM,2023,,,Other,2023
1/7/24 23:28,6713875.0,CT005049E,Yale,Racial Profile,78741,121704,System ID,"Friday, December 1, 2023",December,W,H,F,24,False,False,NEW HAVEN,276 ELM ST NEW HAVEN CT 06511,  ,  ,V,G,1.0,0,14-299 LEFT ON RED L,,False,N,False,False,V,,,,,False,1.0,CT005049E,CT005049E0107242327S,12/1/23 16:24,4:24:00 PM,2023,,,Other,2023
1/7/24 23:28,6713876.0,CT005049E,Yale,Racial Profile,78741,121705,System ID,"Friday, December 1, 2023",December,A,N,M,27,True,True,NEW HAVEN,267 ELM ST NEW HAVEN CT 06511,  ,  ,V,G,1.0,0,14-299 RED LIGHT VIO,,False,N,False,False,V,,,,,False,1.0,CT005049E,CT005049E0107242327S,12/1/23 17:53,5:53:00 PM,2023,,,Other,2023
1/7/24 23:28,6713887.0,CT005049E,Yale,Racial Profile,78741,121960,System ID,"Friday, December 15, 2023",December,B,N,F,36,True,False,NEW HAVEN,189 ELM ST NEW HAVEN CT 06511,  ,  ,V,G,1.0,0,14-299  RED LIGHT VI,,False,N,False,False,V,,,,,False,1.0,CT005049E,CT005049E0107242327S,12/15/23 16:18,4:18:00 PM,2023,,,Other,2023
1/7/24 23:28,6713893.0,CT005049E,Yale,Racial Profile,78741,121961,System ID,"Friday, December 15, 2023",December,W,N,M,21,False,True,NEW HAVEN,304 ELM ST NEW HAVEN CT 06511,  ,  ,V,G,1.0,0,14-299  RED LIGHT VI,,False,N,False,False,V,,,,,False,1.0,CT005049E,CT005049E0107242327S,12/15/23 17:12,5:12:00 PM,2023,,,Other,2023
1/7/24 23:28,6713894.0,CT005049E,Yale,Racial Profile,78741,121965,System ID,"Saturday, December 16, 2023",December,A,N,M,21,True,True,NEW HAVEN,25 HILLHOUSE AVE NEW HAVEN CT 06511,  ,  ,V,G,1.0,0,14-214  RED LIGHT VI,,False,N,False,False,V,,,,,False,1.0,CT005049E,CT005049E0107242327S,12/16/23 0:53,12:53:00 AM,2023,,,Other,2023
1/7/24 23:28,6713871.0,CT005049E,Yale,Racial Profile,78741,122063,System ID,"Wednesday, December 20, 2023",December,A,N,M,27,True,True,NEW HAVEN,97 ELM ST NEW HAVEN CT 06510,  ,  ,V,G,1.0,0,14-299  RED LIGHT VI,,False,N,False,False,V,,,,,False,1.0,CT005049E,CT005049E0107242327S,12/20/23 17:37,5:37:00 PM,2023,,,Other,2023
1/7/24 23:28,6713872.0,CT005049E,Yale,Racial Profile,78741,122073,System ID,"Thursday, December 21, 2023",December,B,N,F,62,True,True,NEW HAVEN,97 ELM ST NEW HAVEN CT 06510,  ,  ,V,G,1.0,0,14-299   RED LIGHT V,,False,N,False,False,V,,,,,False,1.0,CT005049E,CT005049E0107242327S,12/21/23 17:37,5:37:00 PM,2023,,,Other,2023
1/7/24 23:28,6713890.0,CT005049E,Yale,Racial Profile,78741,122112,System ID,"Tuesday, December 26, 2023",December,B,N,M,22,True,True,NEW HAVEN,200 ELM ST NEW HAVEN CT 06511,  ,  ,V,G,1.0,0,14-299  RED LIGHT VI,,False,N,False,False,V,,,,,False,1.0,CT005049E,CT005049E0107242327S,12/26/23 21:30,9:30:00 PM,2023,,,Other,2023
1/7/24 23:28,6713891.0,CT005049E,Yale,Racial Profile,78741,122113,System ID,"Tuesday, December 26, 2023",December,B,N,M,26,True,False,NEW HAVEN,200 ELM ST NEW HAVEN CT 06511,  ,  ,V,G,1.0,0,14-299  RED LIGHT VI,,False,N,False,False,V,,,,,False,1.0,CT005049E,CT005049E0107242327S,12/26/23 19:35,7:35:00 PM,2023,,,Other,2023
1/7/24 23:28,6713892.0,CT005049E,Yale,Racial Profile,78741,122129,System ID,"Wednesday, December 27, 2023",December,W,H,F,26,True,True,NEW HAVEN,234 CHURCH STREET NEW HAVEN CT 06511,  ,  ,V,G,2.0,0,"14-147, 14-12, 14-29",,False,N,False,False,I,,,,,False,1.0,CT005049E,CT005049E0107242327S,12/27/23 15:49,3:49:00 PM,2023,,,Administrative Offense,2023
2/1/24 9:00,6768610.0,CT005049E,Yale,Racial Profile,78741,122412,System ID,"Friday, September 15, 2023",September,W,H,M,45,True,True,NEW HAVEN,55 ELM ST NEW HAVEN CT 06510,  ,  ,V,G,1.0,0,14-299  RED LIGHT VI,,False,N,False,False,V,,,,,False,1.0,CT005049E,CT005049E0201240900S,9/15/23 4:41,4:41:00 AM,2023,,,Other,2023
2/1/24 9:00,6768611.0,CT005049E,Yale,Racial Profile,78741,122413,System ID,"Wednesday, November 29, 2023",November,B,N,F,28,True,False,NEW HAVEN,1 WHITNEY AVE NEW HAVEN CT 06510,  ,  ,V,G,1.0,0,14-299  RED LIGHT VI,,False,N,False,False,V,,,,,False,1.0,CT005049E,CT005049E0201240900S,11/29/23 15:59,3:59:00 PM,2023,,,Other,2023
2/1/24 9:00,6768612.0,CT005049E,Yale,Racial Profile,78741,122414,System ID,"Friday, December 22, 2023",December,B,N,F,62,True,True,NEW HAVEN,97 ELM ST NEW HAVEN CT 06510,  ,  ,V,G,1.0,0,14-299  RED LIGHT VI,,False,N,False,False,V,,,,,False,1.0,CT005049E,CT005049E0201240900S,12/22/23 16:41,4:41:00 PM,2023,,,Other,2023
2/1/24 9:00,6768613.0,CT005049E,Yale,Racial Profile,78741,122415,System ID,"Saturday, September 2, 2023",September,B,N,M,35,True,True,NEW HAVEN,198 CHURCH STREET NEW HAVEN CT 06510,  ,  ,V,G,1.0,0,14-299  RED LIGHT VI,,False,N,False,False,V,,,,,False,1.0,CT005049E,CT005049E0201240900S,9/2/23 16:08,4:08:00 PM,2023,,,Other,2023
2/1/24 9:00,6768614.0,CT005049E,Yale,Racial Profile,78741,122416,System ID,"Monday, September 11, 2023",September,B,N,M,41,True,True,NEW HAVEN,29 BROADWAY NEW HAVEN CT 06511,  ,  ,V,G,1.0,0,14-299  RED LIGHT VI,,False,N,False,False,V,,,,,False,1.0,CT005049E,CT005049E0201240900S,9/11/23 23:26,11:26:00 PM,2023,,,Other,2023
2/1/24 9:00,6768620.0,CT005049E,Yale,Racial Profile,78741,122417,System ID,"Thursday, September 14, 2023",September,B,N,M,49,True,True,NEW HAVEN,185 ELM ST NEW HAVEN CT 06511,  ,  ,V,G,1.0,0,14-299  RED LIGHT VI,,False,N,False,False,V,,,,,False,1.0,CT005049E,CT005049E0201240900S,9/14/23 0:02,12:02:00 AM,2023,,,Other,2023
2/1/24 9:00,6768621.0,CT005049E,Yale,Racial Profile,78741,122418,System ID,"Friday, September 15, 2023",September,W,H,M,45,True,True,NEW HAVEN,55 ELM ST NEW HAVEN CT 06510,  ,  ,V,G,1.0,0,14-299  RED LIGHT VI,,False,N,False,False,V,,,,,False,1.0,CT005049E,CT005049E0201240900S,9/15/23 4:41,4:41:00 AM,2023,,,Other,2023
2/1/24 9:00,6768656.0,CT005049E,Yale,Racial Profile,78763,122548,System ID,"Tuesday, March 21, 2023",March,W,H,M,21,False,False,NEW HAVEN,216 MUNSON ST NEW HAVEN CT 06511,  ,  ,V,G,1.0,0,14-296AA,,False,N,False,False,W,,,,,False,1.0,CT005049E,CT005049E0201240900S,3/21/23 11:24,11:24:00 AM,2023,WRITTEN WARNING,,Cell Phone,2023
6/7/23 9:27,6526275.0,CT005049E,Yale,Racial Profile,78766,115860,System ID,"Thursday, May 4, 2023",May,W,N,M,75,True,True,NEW HAVEN,297 CANNER ST/SAINT RONAN ST NEW HAVEN CT 06511,  ,  ,V,G,1.0,0,FAILURE TO OBEY STOP,,False,N,False,False,I,,,,,False,1.0,CT005049E,CT005049E0607230927S,5/4/23 12:58,12:58:00 PM,2023,14-301,,Stop Sign,2023
6/7/23 9:27,6526269.0,CT005049E,Yale,Racial Profile,78766,115895,System ID,"Friday, May 5, 2023",May,B,N,F,27,True,True,NEW HAVEN,200 ELM ST/HIGH ST NEW HAVEN CT 06511,  ,  ,V,G,2.0,0,OPERATING WHILE LICE,,False,N,False,False,M,,,,,False,1.0,CT005049E,CT005049E0607230927S,5/5/23 9:02,9:02:00 AM,2023,14-215A,,Administrative Offense,2023
6/7/23 9:27,6526272.0,CT005049E,Yale,Racial Profile,78766,116046,System ID,"Wednesday, May 10, 2023",May,B,N,F,30,True,True,NEW HAVEN,247 CANNER ST/WHITNEY AVE NEW HAVEN CT 06511,  ,  ,E,G,3.0,1,IMPROPER USE OF MARK,,True,I,True,False,M,,,,,False,1.0,CT005049E,CT005049E0607230927S,5/10/23 8:52,8:52:00 AM,2023,14-147(A),,Other,2023
6/7/23 9:27,6526265.0,CT005049E,Yale,Racial Profile,78766,116511,System ID,"Thursday, May 25, 2023",May,W,N,M,19,True,False,NEW HAVEN,531 COLLEGE ST/GROVE ST NEW HAVEN CT 06511,  ,  ,V,G,1.0,0,FAILURE TO OBEY CONT,,False,N,False,False,V,,,,,False,1.0,CT005049E,CT005049E0607230927S,5/25/23 11:38,11:38:00 AM,2023,14-299,,Traffic Control Signal,2023
6/7/23 9:27,6526266.0,CT005049E,Yale,Racial Profile,78766,116520,System ID,"Saturday, May 27, 2023",May,B,N,F,54,True,True,NEW HAVEN,120 GEORGE ST/CHURCH ST NEW HAVEN CT 06510,  ,  ,E,G,1.0,0,FAILURE TO DISPLAY N,,False,N,False,False,V,,,,,False,1.0,CT005049E,CT005049E0607230927S,5/27/23 2:13,2:13:00 AM,2023,14-18(A),,Display of Plates,2023
6/7/23 9:27,6526267.0,CT005049E,Yale,Racial Profile,78766,116525,System ID,"Thursday, May 4, 2023",May,W,N,F,61,True,True,NEW HAVEN,490 WHITNEY AVE/WILLOW ST NEW HAVEN CT 06511,  ,  ,V,G,1.0,0,FAILURE TO OBEY STOP,,False,N,False,False,V,,,,,False,1.0,CT005049E,CT005049E0607230927S,5/4/23 8:59,8:59:00 AM,2023,14-301,,Stop Sign,2023
6/7/23 9:27,6526268.0,CT005049E,Yale,Racial Profile,78766,116528,System ID,"Sunday, May 28, 2023",May,W,H,M,59,True,False,NEW HAVEN,300 YORK ST NEW HAVEN CT 06511,  ,  ,V,G,1.0,0,FAILURE TO OBEY CONT,,False,N,False,False,V,,,,,False,1.0,CT005049E,CT005049E0607230927S,5/28/23 1:48,1:48:00 AM,2023,14-299,,Traffic Control Signal,2023
6/7/23 9:27,6526277.0,CT005049E,Yale,Racial Profile,78766,116539,System ID,"Monday, May 29, 2023",May,W,N,M,51,True,False,NEW HAVEN,190 CROWN ST/TEMPLE ST NEW HAVEN CT 06510,  ,  ,V,G,1.0,0,FAILURE TO OBEY CONT,,False,N,False,False,V,,,,,False,1.0,CT005049E,CT005049E0607230927S,5/29/23 1:52,1:52:00 AM,2023,14-299,,Traffic Control Signal,2023
7/3/23 14:16,6542796.0,CT005049E,Yale,Racial Profile,78766,116745,System ID,"Friday, June 2, 2023",June,B,N,M,48,True,True,NEW HAVEN,240 YORK ST NEW HAVEN CT 06511,  ,  ,E,G,3.0,1,OPERATION OF M/V WHI,,True,I,True,False,M,,,,,False,1.0,CT005049E,CT005049E0703231416S,6/2/23 1:51,1:51:00 AM,2023,14-215,,Other,2023
7/3/23 14:16,6542798.0,CT005049E,Yale,Racial Profile,78766,116978,System ID,"Sunday, June 11, 2023",June,W,H,M,20,False,True,NEW HAVEN,271 YORK ST/ELM ST NEW HAVEN CT 06511,  ,  ,V,G,1.0,0,FAILURE TO OBEY CONT,,False,N,False,False,V,,,,,False,1.0,CT005049E,CT005049E0703231416S,6/11/23 0:42,12:42:00 AM,2023,14-299,,Traffic Control Signal,2023
1/7/24 23:28,6713816.0,CT005049E,Yale,Racial Profile,78781,119902,System ID,"Tuesday, September 19, 2023",September,B,N,M,20,True,False,NEW HAVEN,1122 CHAPEL ST/YORK ST NEW HAVEN CT 06511,  ,  ,V,S,1.0,0,RECKLESS DRIVING,,False,N,False,False,N,,,,,False,1.0,CT005049E,CT005049E0107242327S,9/19/23 20:23,8:23:00 PM,2023,14-224,,Speed Related,2023
1/7/24 23:28,6713817.0,CT005049E,Yale,Racial Profile,78781,119903,System ID,"Tuesday, September 19, 2023",September,B,N,M,20,True,False,NEW HAVEN,254 CROWN STREET NEW HAVEN CT 06511,  ,  ,V,S,1.0,0,RECKLESS DRIVING,,False,N,False,False,N,,,,,False,1.0,CT005049E,CT005049E0107242327S,9/19/23 23:42,11:42:00 PM,2023,14-224,,Speed Related,2023
2/1/24 9:00,6768657.0,CT005049E,Yale,Racial Profile,78781,122550,System ID,"Wednesday, October 4, 2023",October,B,N,M,20,False,False,NEW HAVEN,105 BROADWAY/TOWER PKY NEW HAVEN CT 06511,  ,  ,V,S,1.0,0,RECKLESS DRIVINF,,False,N,False,False,N,,,,,False,1.0,CT005049E,CT005049E0201240900S,10/4/23 16:06,4:06:00 PM,2023,14-222,,Other,2023
1/7/24 23:28,6713915.0,CT005049E,Yale,Racial Profile,78791,121155,System ID,"Sunday, November 5, 2023",November,W,N,M,22,True,False,NEW HAVEN,185 ELM ST/COLLEGE ST NEW HAVEN CT 06511,  ,  ,E,G,1.0,0,,,False,N,False,False,V,,,,,False,1.0,CT005049E,CT005049E0107242327S,11/5/23 1:37,1:37:00 AM,2023,,,Other,2023
1/7/24 23:28,6713852.0,CT005049E,Yale,Racial Profile,78791,121370,System ID,"Sunday, November 12, 2023",November,B,N,M,52,True,True,NEW HAVEN,1177 CHAPEL ST/PARK ST NEW HAVEN CT 06511,  ,  ,V,G,1.0,0,,,False,N,False,False,V,,,,,False,1.0,CT005049E,CT005049E0107242327S,11/12/23 23:46,11:46:00 PM,2023,,,Other,2023
1/7/24 23:28,6713853.0,CT005049E,Yale,Racial Profile,78791,121371,System ID,"Monday, November 13, 2023",November,W,H,F,27,True,True,NEW HAVEN,97 ELM ST NEW HAVEN CT 06510,  ,  ,E,G,1.0,0,,,False,N,False,False,V,,,,,False,1.0,CT005049E,CT005049E0107242327S,11/13/23 1:12,1:12:00 AM,2023,,,Other,2023
1/7/24 23:28,6713849.0,CT005049E,Yale,Racial Profile,78791,121555,System ID,"Sunday, November 19, 2023",November,W,N,M,26,True,True,NEW HAVEN,121 HOWE ST/ELM ST NEW HAVEN CT 06511,  ,  ,V,G,1.0,0,,,False,N,False,False,V,,,,,False,1.0,CT005049E,CT005049E0107242327S,11/19/23 4:13,4:13:00 AM,2023,,,Other,2023
1/7/24 23:28,6713858.0,CT005049E,Yale,Racial Profile,78791,121697,System ID,"Sunday, November 26, 2023",November,B,N,M,31,True,True,NEW HAVEN,140 DWIGHT ST/CHAPEL ST NEW HAVEN CT 06511,  ,  ,V,G,1.0,0,,,False,N,False,False,V,,,,,False,1.0,CT005049E,CT005049E0107242327S,11/26/23 2:13,2:13:00 AM,2023,,,Other,2023
1/7/24 23:28,6713877.0,CT005049E,Yale,Racial Profile,78791,121708,System ID,"Friday, December 1, 2023",December,W,N,F,26,False,False,NEW HAVEN,1 HILLSIDE PL/PROSPECT ST NEW HAVEN CT 06511,  ,  ,E,G,1.0,0,14-96A(A),,False,N,False,False,V,,,,,False,1.0,CT005049E,CT005049E0107242327S,12/1/23 17:31,5:31:00 PM,2023,,,Defective Lights,2023
1/7/24 23:28,6713878.0,CT005049E,Yale,Racial Profile,78791,121786,System ID,"Tuesday, December 5, 2023",December,B,N,F,36,True,True,NEW HAVEN,1122 CHAPEL ST/YORK ST NEW HAVEN CT 06511,  ,  ,V,G,2.0,0,ENGAGING IN POLICE P,,False,N,False,False,M,,,,,False,1.0,CT005049E,CT005049E0107242327S,12/5/23 16:47,4:47:00 PM,2023,14-223,,Other,2023
1/7/24 23:28,6713862.0,CT005049E,Yale,Racial Profile,78791,121791,System ID,"Thursday, December 7, 2023",December,B,N,M,46,True,True,NEW HAVEN,55 ELM ST/ORANGE ST NEW HAVEN CT 06510,  ,  ,V,G,1.0,0,RED LIGHT VIOLATION,,False,N,False,False,V,,,,,False,1.0,CT005049E,CT005049E0107242327S,12/7/23 18:25,6:25:00 PM,2023,14-299,,Traffic Control Signal,2023
1/7/24 23:28,6713864.0,CT005049E,Yale,Racial Profile,78791,121831,System ID,"Friday, December 8, 2023",December,B,N,M,45,True,False,NEW HAVEN,155 YORK ST NEW HAVEN CT 06511,  ,  ,V,G,2.0,0,DRIVING WORNG WAY ON,,False,N,False,False,V,,,,,False,1.0,CT005049E,CT005049E0107242327S,12/8/23 17:11,5:11:00 PM,2023,14-239,,Other,2023
1/7/24 23:28,6713883.0,CT005049E,Yale,Racial Profile,78791,121893,System ID,"Tuesday, December 12, 2023",December,W,N,F,56,True,True,NEW HAVEN,43 WHITNEY AVE/AUDUBON ST NEW HAVEN CT 06510,  ,  ,V,G,1.0,0,RED LIGHT VIOLATION,,False,N,False,False,V,,,,,False,1.0,CT005049E,CT005049E0107242327S,12/12/23 17:09,5:09:00 PM,2023,14-299,,Traffic Control Signal,2023
1/7/24 23:28,6713884.0,CT005049E,Yale,Racial Profile,78791,121908,System ID,"Tuesday, December 12, 2023",December,W,H,M,30,True,False,NEW HAVEN,1265 CHAPEL ST/DWIGHT ST NEW HAVEN CT 06511,  ,  ,V,G,1.0,0,RED LIGHT VIOLATION,,False,N,False,False,V,,,,,False,1.0,CT005049E,CT005049E0107242327S,12/12/23 20:09,8:09:00 PM,2023,14-299,,Traffic Control Signal,2023
1/7/24 23:28,6713885.0,CT005049E,Yale,Racial Profile,78791,121956,System ID,"Friday, December 15, 2023",December,B,N,M,22,True,True,NEW HAVEN,30 HOWE ST/GEORGE ST NEW HAVEN CT 06511,  ,  ,V,G,1.0,0,RED LIGHT VIOLATION,,False,N,False,False,V,,,,,False,1.0,CT005049E,CT005049E0107242327S,12/15/23 16:17,4:17:00 PM,2023,14-299,,Traffic Control Signal,2023
1/7/24 23:28,6713886.0,CT005049E,Yale,Racial Profile,78791,121957,System ID,"Friday, December 15, 2023",December,W,H,M,35,True,False,NEW HAVEN,225 ORANGE ST/ELM ST NEW HAVEN CT 06511,  ,  ,V,G,1.0,0,RED LIGHT VIOLATION,,False,N,False,False,V,,,,,False,1.0,CT005049E,CT005049E0107242327S,12/15/23 16:34,4:34:00 PM,2023,14-299,,Traffic Control Signal,2023
1/7/24 23:28,6713895.0,CT005049E,Yale,Racial Profile,78791,121985,System ID,"Monday, December 18, 2023",December,W,N,M,64,True,True,NEW HAVEN,55 ELM ST/ORANGE ST NEW HAVEN CT 06510,  ,  ,V,G,1.0,0,RED LIGHT VIOLATION,,False,N,False,False,V,,,,,False,1.0,CT005049E,CT005049E0107242327S,12/18/23 16:34,4:34:00 PM,2023,14-299,,Traffic Control Signal,2023
1/7/24 23:28,6713898.0,CT005049E,Yale,Racial Profile,78791,122145,System ID,"Friday, December 29, 2023",December,I,N,M,39,True,False,NEW HAVEN,139 DIXWELL AVE/WEBSTER ST NEW HAVEN CT 06511,  ,  ,V,G,1.0,0,RED LIGHT VIOLATION,,False,N,False,False,V,,,,,False,1.0,CT005049E,CT005049E0107242327S,12/29/23 17:38,5:38:00 PM,2023,14-299,,Traffic Control Signal,2023
1/7/24 23:28,6713868.0,CT005049E,Yale,Racial Profile,78792,121890,System ID,"Tuesday, December 12, 2023",December,B,N,F,32,True,False,NEW HAVEN,400 YORK ST/TOWER PKY NEW HAVEN CT 06511,  ,  ,V,G,1.0,0,RED LIGHT VIOLATION,,False,N,False,False,V,,,,,False,1.0,CT005049E,CT005049E0107242327S,12/12/23 13:12,1:12:00 PM,2023,14-299,,Traffic Control Signal,2023
1/7/24 23:28,6713888.0,CT005049E,Yale,Racial Profile,78792,122099,System ID,"Tuesday, December 26, 2023",December,W,N,F,35,True,False,NEW HAVEN,81 PROSPECT ST/TRUMBULL ST NEW HAVEN CT 06511,  ,  ,V,G,1.0,0,14-299,,False,N,False,False,V,,,,,False,1.0,CT005049E,CT005049E0107242327S,12/26/23 16:08,4:08:00 PM,2023,,,Traffic Control Signal,2023
2/1/24 9:00,6768636.0,CT005049E,Yale,Racial Profile,78792,122506,System ID,"Tuesday, December 12, 2023",December,W,H,M,43,True,False,NEW HAVEN,299 COLLEGE ST/CHAPEL ST NEW HAVEN CT 06510,  ,  ,V,G,1.0,0,OPERATING WITHOUT A ,,False,N,False,False,I,,,,,False,1.0,CT005049E,CT005049E0201240900S,12/12/23 12:21,12:21:00 PM,2023,14-36(A),,Other,2023
1/7/24 23:28,6713896.0,CT005049E,Yale,Racial Profile,78793,122033,System ID,"Thursday, November 23, 2023",November,W,N,M,63,True,False,NEW HAVEN,95 YORK ST/GEORGE ST NEW HAVEN CT 06511,  ,  ,V,G,1.0,0,RED LIGHT VIOLATION,,False,N,False,False,V,,,,,False,1.0,CT005049E,CT005049E0107242327S,11/23/23 8:11,8:11:00 AM,2023,14-299,,Traffic Control Signal,2023
1/7/24 23:28,6713873.0,CT005049E,Yale,Racial Profile,78793,122083,System ID,"Friday, December 22, 2023",December,W,N,M,47,True,True,NEW HAVEN,200 ELM ST/HIGH ST NEW HAVEN CT 06511,  ,  ,V,G,2.0,0,14-299,,False,N,False,False,W,,,,,False,1.0,CT005049E,CT005049E0107242327S,12/22/23 11:43,11:43:00 AM,2023,,,Traffic Control Signal,2023
1/7/24 23:28,6713874.0,CT005049E,Yale,Racial Profile,78793,122090,System ID,"Sunday, December 24, 2023",December,W,H,M,52,True,True,NEW HAVEN,45 HOWE ST/CROWN ST NEW HAVEN CT 06511,  ,  ,V,G,2.0,0,14-12 (A)*,,False,N,False,False,I,,,,,False,1.0,CT005049E,CT005049E0107242327S,12/24/23 10:40,10:40:00 AM,2023,,,Registration,2023
